D1,P1,1
D1,P2,2
D1,P3,1
D1,P4,81649
D1,P5,180614
D1,P6,79779
D1,P7,16
D1,P8,17
D1,P9,80411
D1,P10,95338
D1,P11,2
D1,P12,170623
D1,P13,17
D1,P14,1
D1,P15,86195
D1,P16,1
D1,P17,17
D1,P18,1
D1,P19,173889
D2,P1,1
D2,P20,12
D2,P21,1
D2,P2,2
D2,P4,81649
D2,P5,180614
D2,P6,79779
D2,P22,1
D2,P7,16
D2,P23,1
D2,P24,2
D2,P25,1
D2,P8,17
D2,P9,80411
D2,P26,1
D2,P10,95338
D2,P27,2
D2,P28,1
D2,P29,1
D2,P30,1
D2,P31,1
D2,P32,1
D2,P33,1
D2,P34,1
D2,P35,1
D2,P3,1
D2,P36,1
D2,P11,2
D2,P37,7
D2,P12,170623
D2,P38,1
D2,P39,1
D2,P40,2
D2,P13,17
D2,P14,1
D2,P41,1
D2,P15,86195
D2,P16,2
D2,P42,1
D2,P17,17
D2,P43,1
D2,P18,1
D2,P44,3
D2,P45,1
D2,P19,4
D3,P46,487
D3,P47,5
D3,P48,31
D3,P21,16172
D3,P49,2
D3,P50,1
D3,P51,23
D3,P52,106
D3,P53,110
D3,P54,4
D3,P55,5
D3,P56,12269
D3,P57,12
D3,P58,11
D3,P59,382
D3,P60,2
D3,P61,1
D3,P62,1270
D3,P63,1
D3,P64,2
D3,P65,43
D3,P66,3760
D3,P67,31
D3,P68,17570
D3,P69,2
D3,P70,1
D3,P71,1
D3,P72,4
D3,P73,136
D3,P3,270750
D3,P74,1
D3,P75,23
D3,P76,6596
D3,P77,1
D3,P78,4
D3,P79,1
D3,P80,58
D3,P81,16
D3,P82,52
D3,P83,2209
D3,P84,5113
D3,P85,13
D3,P86,26
D3,P87,1785
D3,P88,126
D3,P89,50
D3,P90,1
D3,P91,9530
D3,P92,3
D3,P93,28
D3,P45,20964
D3,P94,29
D3,P95,4
D3,P96,1
D3,P97,15
D3,P98,3
D3,P99,8544
D3,P22,1
D3,P100,3
D3,P101,163
D3,P102,101
D3,P103,9
D3,P104,452
D3,P105,2
D3,P106,2
D3,P107,94
D3,P108,14
D3,P109,168
D3,P110,4870
D3,P111,50
D3,P112,5
D3,P113,1
D3,P114,2
D3,P115,1
D3,P116,29
D3,P117,5
D3,P118,169
D3,P119,6
D3,P120,3
D3,P121,15
D3,P122,176
D3,P123,4
D3,P124,2
D3,P125,5
D3,P126,1
D3,P127,8
D3,P128,2
D3,P129,3
D3,P130,58
D3,P131,14
D3,P132,3
D3,P133,1
D3,P134,3
D3,P135,1
D3,P136,828
D3,P137,4
D3,P138,8
D3,P139,58
D3,P140,8
D3,P141,426
D3,P142,24
D3,P143,20
D3,P144,1039
D3,P145,419
D3,P146,173
D3,P147,1
D3,P148,63
D3,P149,4
D3,P150,4
D3,P151,1312
D3,P39,1377
D3,P152,1
D3,P153,58
D3,P154,366
D3,P43,1
D3,P155,4
D3,P156,214
D3,P157,68
D3,P158,2
D3,P159,8
D3,P160,19
D3,P161,11
D3,P162,7
D3,P163,2
D3,P164,2
D3,P165,16
D3,P166,1
D3,P167,94
D3,P168,5
D3,P169,1
D3,P170,9
D3,P171,23
D3,P172,3
D3,P173,1040
D3,P174,5
D3,P175,3
D3,P176,520
D3,P177,1
D3,P178,24
D3,P179,105
D3,P180,425
D3,P181,899
D3,P182,587
D3,P183,1
D3,P33,40
D3,P184,1496
D3,P185,1
D3,P186,4
D3,P187,11
D3,P188,1
D3,P189,23
D3,P190,27
D3,P191,6
D3,P192,1322
D3,P193,2
D3,P194,118
D3,P195,488
D3,P196,1
D3,P197,108
D3,P198,4
D3,P199,1
D3,P200,12
D3,P201,5
D3,P202,11
D3,P203,1
D3,P204,1
D3,P205,14
D3,P206,1
D3,P207,239
D3,P208,33166
D3,P209,1
D3,P210,15
D3,P211,58
D3,P212,1
D3,P213,107
D3,P214,71
D3,P215,6
D3,P216,11
D3,P217,1
D3,P218,37
D3,P219,129
D3,P220,305
D3,P221,28
D3,P222,15
D3,P223,940
D3,P224,213
D3,P225,6
D3,P226,26
D3,P227,26
D3,P228,1
D3,P229,1
D3,P230,10
D3,P231,43
D3,P232,302
D3,P233,15
D3,P234,1011
D3,P235,14
D3,P236,4
D3,P237,1
D3,P238,1136
D3,P239,6
D3,P240,1
D3,P241,8
D3,P242,80
D3,P243,256
D3,P244,13
D3,P245,549
D3,P246,5
D3,P247,1
D3,P248,5319
D3,P249,1
D3,P250,3653
D3,P251,71
D3,P252,867
D3,P253,3
D3,P254,39
D3,P255,1
D3,P256,3
D3,P257,5
D3,P258,1
D3,P259,6
D3,P260,3
D3,P261,1
D3,P262,305
D3,P263,59
D3,P264,1
D3,P265,9
D3,P266,261
D3,P267,85
D3,P268,3
D3,P269,604
D3,P270,43
D3,P271,1
D3,P272,1
D3,P273,5
D3,P274,3654
D3,P275,446
D3,P276,23
D3,P277,6
D3,P278,25
D3,P279,1
D3,P280,25
D3,P281,27
D3,P282,2
D3,P283,1
D3,P284,3
D3,P285,3
D3,P286,57
D3,P287,2020
D3,P288,84
D3,P289,76
D3,P290,7
D3,P291,198
D3,P292,9
D3,P293,1
D3,P294,1
D3,P295,1
D3,P296,3
D3,P297,1125
D3,P298,5
D3,P299,2
D3,P300,801
D3,P301,234
D3,P302,9440
D3,P303,26
D3,P304,2
D3,P305,42
D3,P306,6
D3,P307,3
D3,P308,3653
D3,P309,5
D3,P310,79
D3,P311,10
D3,P312,8
D3,P313,107
D3,P314,4
D3,P315,16074
D3,P316,17
D3,P317,455
D3,P318,1
D3,P319,5
D3,P320,5
D3,P321,1
D3,P322,2
D3,P323,15782
D3,P324,2
D3,P325,257
D3,P326,35
D3,P327,4
D3,P328,222
D3,P329,2
D3,P330,43
D3,P331,13
D3,P332,57
D3,P333,4
D3,P334,14
D3,P335,12
D3,P336,7
D3,P337,26
D3,P338,85
D3,P339,1
D3,P340,46
D3,P341,1
D3,P342,1
D3,P343,62
D3,P344,1111
D3,P345,5
D3,P346,1
D3,P2,163
D3,P347,19
D3,P348,4
D3,P349,790
D3,P350,13
D3,P351,1
D3,P352,80
D3,P353,14
D3,P354,11
D3,P355,11
D3,P356,12
D3,P357,1
D3,P358,1
D3,P359,790
D3,P360,18
D3,P361,3
D3,P362,304
D3,P363,3
D3,P364,2
D3,P365,467
D3,P366,10
D3,P367,100
D3,P368,11
D3,P369,206
D3,P370,26
D3,P371,14
D3,P372,1
D3,P373,4
D3,P374,8
D3,P375,328
D3,P376,1
D3,P377,39
D3,P378,790
D3,P379,1
D3,P380,273
D3,P381,58
D3,P382,1
D3,P383,8
D3,P384,1
D3,P385,2
D3,P386,30
D3,P387,5
D3,P388,2
D3,P389,2
D3,P390,3030
D3,P391,60
D3,P392,589
D3,P393,7
D3,P394,553
D3,P395,2
D3,P396,5
D3,P397,3
D3,P398,90
D3,P399,4
D3,P400,2
D3,P401,3
D3,P402,1
D3,P403,3
D3,P404,527
D3,P405,3
D3,P406,39
D3,P407,1
D3,P408,1
D3,P409,49
D3,P410,50
D3,P411,31
D3,P412,2
D3,P413,58
D3,P414,2
D3,P415,2
D3,P416,5
D3,P417,119
D3,P418,3
D3,P419,62
D3,P420,6
D3,P421,30
D3,P422,44
D3,P423,3
D3,P424,2
D3,P425,13
D3,P426,2
D3,P427,4
D3,P428,1
D3,P429,6134
D3,P430,34
D3,P431,28
D3,P432,29
D3,P433,16
D3,P434,24
D3,P435,13
D3,P436,3
D3,P437,6
D3,P438,1
D3,P439,3
D3,P440,2008
D3,P441,3
D3,P442,2
D3,P443,2
D3,P444,554
D3,P445,1
D3,P446,5
D3,P447,4
D3,P448,1
D3,P449,2
D3,P450,5
D3,P451,2
D3,P452,3
D3,P453,3081
D3,P454,6313
D3,P455,16
D3,P456,22
D3,P457,548
D3,P458,575
D3,P459,1
D3,P460,5
D3,P461,1
D3,P462,205
D3,P463,20
D3,P464,40
D3,P465,3
D3,P466,1
D3,P467,1
D3,P468,2
D3,P469,2
D3,P470,109
D3,P471,2
D3,P472,11
D3,P473,7423
D3,P474,1
D3,P475,1
D3,P476,64
D3,P477,4924
D3,P478,147
D3,P479,14
D3,P480,43
D3,P481,1
D3,P482,4997
D3,P483,7779
D3,P484,1
D3,P485,3
D3,P486,13
D3,P487,526
D3,P488,610
D3,P489,122
D3,P490,1
D3,P491,2253
D3,P492,5
D3,P493,154
D3,P494,98
D3,P495,3398
D3,P496,18
D3,P497,180
D3,P498,10
D3,P499,283
D3,P500,17
D3,P501,1897
D3,P502,1
D3,P503,25
D3,P504,6
D3,P505,250
D3,P506,2
D3,P507,2
D3,P508,61
D3,P509,2
D3,P510,1929
D3,P511,3
D3,P512,18
D3,P513,425
D3,P514,23
D3,P515,1
D3,P516,1
D3,P517,4
D3,P518,46
D3,P519,7
D3,P520,1
D3,P521,2
D3,P522,198
D3,P523,514
D3,P524,42
D3,P525,1
D3,P526,1432
D3,P527,1549
D3,P528,30
D3,P529,14
D3,P530,20
D3,P531,790
D3,P532,2
D3,P8,26188
D3,P533,74
D3,P534,6
D3,P535,524
D3,P536,4
D3,P537,58
D3,P538,15
D3,P539,26
D3,P540,33
D3,P541,10
D3,P542,22
D3,P543,23
D3,P544,1
D3,P545,15
D3,P546,3
D3,P547,25
D3,P548,1136
D3,P549,142
D3,P550,43
D3,P551,12
D3,P552,9
D3,P553,3
D3,P554,26
D3,P555,6
D3,P556,261
D3,P557,12
D3,P558,99
D3,P559,10
D3,P560,297
D3,P561,2
D3,P562,1100
D3,P563,1
D3,P564,142
D3,P565,9
D3,P566,3
D3,P567,1
D3,P568,2
D3,P569,2
D3,P570,74
D3,P571,8
D3,P572,38
D3,P573,12
D3,P574,257
D3,P575,2
D3,P576,4
D3,P577,24
D3,P10,262757
D3,P578,2
D3,P579,1530
D3,P580,5
D3,P581,376
D3,P582,1
D3,P583,829
D3,P584,2
D3,P585,13
D3,P586,30
D3,P587,25
D3,P588,28
D3,P589,14
D3,P590,35
D3,P591,382
D3,P592,4
D3,P593,13
D3,P42,1008
D3,P594,4
D3,P595,46
D3,P596,5
D3,P597,4
D3,P598,26
D3,P599,8
D3,P600,8
D3,P601,122
D3,P602,5
D3,P603,2854
D3,P604,489
D3,P605,15
D3,P606,4
D3,P607,4
D3,P608,1
D3,P609,5
D3,P610,1
D3,P611,5
D3,P612,2
D3,P613,1
D3,P614,10
D3,P615,158
D3,P616,4
D3,P617,2
D3,P618,229
D3,P619,1
D3,P620,7
D3,P621,249
D3,P622,9
D3,P623,7
D3,P624,29
D3,P625,509
D3,P626,1
D3,P627,1
D3,P628,1
D3,P629,111
D3,P630,485
D3,P631,283
D3,P632,22
D3,P633,1
D3,P634,5
D3,P635,49
D3,P636,5
D3,P637,50
D3,P638,1
D3,P639,1
D3,P640,4
D3,P641,3
D3,P642,3
D3,P643,4
D3,P644,266
D3,P645,10
D3,P646,1
D3,P647,366
D3,P648,2
D3,P649,94
D3,P650,10
D3,P651,5
D3,P652,487
D3,P653,10
D3,P654,1
D3,P655,26
D3,P656,110535
D3,P657,3
D3,P658,2
D3,P659,11
D3,P660,1
D3,P661,6
D3,P662,140
D3,P663,38
D3,P664,37
D3,P665,2
D3,P666,24
D3,P667,2
D3,P668,50
D3,P669,439
D3,P670,267
D3,P671,717
D3,P672,142
D3,P673,99
D3,P674,3
D3,P675,551
D3,P676,1
D3,P677,64
D3,P678,1324
D3,P679,1
D3,P680,1
D3,P681,1
D3,P682,1
D3,P683,6
D3,P684,2
D3,P685,1
D3,P686,2
D3,P687,6
D3,P688,3
D3,P689,8
D3,P690,66
D3,P691,23
D3,P692,50
D3,P693,2
D3,P694,4
D3,P695,7
D3,P696,50
D3,P697,78
D3,P698,7
D3,P699,2070
D3,P700,2
D3,P701,1
D3,P702,7
D3,P703,4
D3,P704,18
D3,P705,85
D3,P706,123
D3,P707,12
D3,P708,73
D3,P709,2
D3,P710,1
D3,P711,2
D3,P712,305
D3,P713,58
D3,P714,1
D3,P715,1
D3,P716,333
D3,P717,92
D3,P718,2
D3,P719,11
D3,P720,44
D3,P721,399
D3,P722,30
D3,P723,1
D3,P724,167
D3,P725,54
D3,P726,30
D3,P727,487
D3,P728,5
D3,P729,2
D3,P730,105
D3,P731,50
D3,P732,1
D3,P733,6
D3,P734,3
D3,P23,793
D3,P735,22
D3,P736,2
D3,P737,790
D3,P738,2
D3,P739,406
D3,P740,640
D3,P741,1
D3,P742,4
D3,P743,1
D3,P744,236
D3,P745,4
D3,P746,277
D3,P747,1
D3,P748,1
D3,P749,112
D3,P750,10
D3,P751,1
D3,P752,1
D3,P753,5
D3,P754,2
D3,P755,237
D3,P756,1
D3,P757,12
D3,P758,8
D3,P759,2712
D3,P760,81
D3,P761,1
D3,P37,7
D3,P762,860
D3,P763,2
D3,P764,1104
D3,P765,710
D3,P766,23
D3,P767,4
D3,P768,6
D3,P769,1
D3,P770,18
D3,P771,267
D3,P772,152
D3,P773,5
D3,P774,3
D3,P775,64
D3,P776,7
D3,P777,1911
D3,P778,1006
D3,P779,4
D3,P780,1
D3,P781,88
D3,P782,2
D3,P783,1
D3,P784,847
D3,P785,115
D3,P786,5
D3,P787,8
D3,P788,2
D3,P789,1
D3,P790,3
D3,P791,150
D3,P792,2
D3,P793,4242
D3,P794,43
D3,P795,9
D3,P796,4
D3,P797,32
D3,P798,2
D3,P799,124
D3,P800,2
D3,P801,1
D3,P802,8
D3,P803,55
D3,P804,39
D3,P805,1
D3,P806,2
D3,P807,6
D3,P808,3
D3,P809,1
D3,P810,1
D3,P811,78
D3,P812,6
D3,P813,36
D3,P814,4
D3,P815,1
D3,P816,21300
D3,P817,50
D3,P818,10
D3,P819,232
D3,P820,57
D3,P821,36
D3,P822,74
D3,P823,354
D3,P824,26
D3,P825,2
D3,P826,467
D3,P827,1
D3,P828,2
D3,P829,12725
D3,P830,2
D3,P831,286
D3,P832,1321
D3,P833,5
D3,P834,1
D3,P835,4
D3,P836,1
D3,P837,1
D3,P838,17
D3,P839,4
D3,P840,3
D3,P841,6
D3,P842,9
D3,P843,17
D3,P844,1
D3,P845,10
D3,P846,3599
D3,P847,29
D3,P848,3
D3,P849,2
D3,P850,1
D3,P851,1
D3,P852,82191
D3,P853,2
D3,P854,4281
D3,P855,169
D3,P856,1
D3,P857,1
D3,P858,11
D3,P859,1
D3,P860,1
D3,P861,1
D3,P862,55
D3,P863,25
D3,P864,411
D3,P865,269
D3,P866,39
D3,P867,173
D3,P868,14
D3,P869,9
D3,P870,21
D3,P871,4
D3,P872,4
D3,P873,3
D3,P874,61
D3,P875,53
D3,P876,6
D3,P877,237
D3,P878,19
D3,P879,1
D3,P880,7
D3,P881,28
D3,P882,1
D3,P883,4
D3,P884,25
D3,P885,29
D3,P886,12
D3,P887,58
D3,P888,1
D3,P889,4
D3,P890,12
D3,P891,3
D3,P892,3
D3,P893,2
D3,P894,2
D3,P895,346
D3,P896,21
D3,P897,50
D3,P898,3
D3,P899,137
D3,P900,1
D3,P901,49
D3,P902,5058
D3,P903,2401
D3,P904,1
D3,P905,1
D3,P906,1
D3,P907,8
D3,P908,4
D3,P909,11779
D3,P910,21
D3,P911,396
D3,P912,3
D3,P913,3
D3,P914,1
D3,P915,2
D3,P916,12
D3,P917,26
D3,P918,1
D3,P919,38
D3,P920,1
D3,P921,1123
D3,P922,975
D3,P923,24
D3,P924,7
D3,P925,2
D3,P926,356
D3,P927,12
D3,P928,3
D3,P929,1
D3,P930,12
D3,P931,10
D3,P932,33
D3,P933,21
D3,P934,121
D3,P935,4051
D3,P936,4
D3,P937,38
D3,P938,2
D3,P939,17260
D3,P940,8
D3,P941,2
D3,P942,184
D3,P943,1
D3,P944,3
D3,P945,3
D3,P946,12
D3,P947,1
D3,P948,37
D3,P949,77
D3,P950,1
D3,P951,599
D3,P952,422
D3,P953,1
D3,P954,3
D3,P955,4
D3,P956,266
D3,P957,1272
D3,P958,14
D3,P959,1
D3,P960,6
D3,P961,1365
D3,P962,396
D3,P963,101
D3,P964,75
D3,P965,2
D3,P966,263
D3,P967,1
D3,P968,119
D3,P969,4
D3,P970,2
D3,P971,6067
D3,P972,17
D3,P973,1
D3,P974,25
D3,P975,58
D3,P976,22
D3,P977,236
D3,P978,11
D3,P979,2
D3,P980,1
D3,P981,261369
D3,P982,3
D3,P983,67
D3,P984,1974
D3,P985,94
D3,P986,4
D3,P987,256
D3,P988,15
D3,P989,6
D3,P990,1
D3,P991,5
D3,P992,102
D3,P993,4
D3,P994,3
D3,P995,3
D3,P996,4322
D3,P997,248
D3,P998,1
D3,P999,2
D3,P1000,1
D3,P1001,112
D3,P1002,267
D3,P1003,407
D3,P1004,1
D3,P13,17
D3,P1005,2
D3,P1006,26
D3,P1007,36
D3,P1008,1
D3,P1009,468
D3,P1010,1
D3,P1011,1
D3,P1012,335
D3,P1013,3
D3,P1014,94
D3,P1015,2365
D3,P1016,1
D3,P1017,9
D3,P1018,111
D3,P1019,1
D3,P1020,2
D3,P1021,215
D3,P1022,4
D3,P1023,2
D3,P1024,268
D3,P1025,1
D3,P1026,5
D3,P1027,16
D3,P1028,44
D3,P1029,58
D3,P1030,1
D3,P1031,1
D3,P1032,6
D3,P1033,13
D3,P1034,57
D3,P1035,1
D3,P1036,4
D3,P1037,7
D3,P1038,2
D3,P1039,1
D3,P1040,1
D3,P1041,1
D3,P1042,6
D3,P1043,46
D3,P25,1
D3,P1044,2
D3,P1045,47
D3,P1046,145
D3,P1047,1
D3,P1048,1078
D3,P1049,5
D3,P1050,136
D3,P1051,1
D3,P1052,58
D3,P1053,3
D3,P1054,468909
D3,P1055,12616
D3,P1056,9
D3,P1057,14
D3,P1058,6
D3,P1059,104
D3,P1060,148
D3,P1061,196
D3,P1062,6
D3,P1063,1
D3,P1064,1
D3,P1065,4
D3,P1066,64
D3,P1067,85
D3,P1068,23312
D3,P1069,6
D3,P1070,3
D3,P1071,586
D3,P1072,1
D3,P1073,943
D3,P1074,529
D3,P1075,1
D3,P1076,1
D3,P1077,440
D3,P1078,6
D3,P1079,4
D3,P1080,1
D3,P1081,5
D3,P1082,1
D3,P1083,4
D3,P1084,845
D3,P1085,1533
D3,P1086,3
D3,P1087,1504
D3,P1088,133
D3,P1089,2
D3,P1090,128
D3,P1091,4483
D3,P1092,10
D3,P1093,209
D3,P1094,5
D3,P1095,70
D3,P1096,351
D3,P1097,2
D3,P1098,3
D3,P1099,61
D3,P1100,4
D3,P1101,24
D3,P1102,56
D3,P1103,1
D3,P1104,15
D3,P1105,37
D3,P1106,12
D3,P1107,85
D3,P1108,14
D3,P1109,4
D3,P1110,1
D3,P1111,135
D3,P1112,9
D3,P1113,23
D3,P1114,1
D3,P1115,1
D3,P1116,8
D3,P1117,318
D3,P1118,3
D3,P1119,267
D3,P1120,4222
D3,P1121,2
D3,P1122,1
D3,P1123,3025
D3,P1124,1
D3,P1125,99
D3,P1126,5
D3,P1127,7
D3,P1128,60
D3,P1129,150
D3,P1130,4
D3,P1131,1
D3,P1132,20
D3,P1133,23
D3,P1134,128
D3,P1135,1006
D3,P1136,4
D3,P1137,23
D3,P1138,2
D3,P1139,5750
D3,P1140,10
D3,P1141,1
D3,P1142,26
D3,P1143,174
D3,P1144,2229
D3,P1145,30
D3,P1146,38
D3,P1147,40
D3,P1148,59
D3,P1149,13
D3,P1150,2
D3,P32,261
D3,P1151,495
D3,P1152,1621
D3,P1153,5
D3,P1154,4
D3,P1155,6
D3,P1156,136
D3,P1157,543
D3,P1158,33
D3,P1159,1
D3,P1160,4
D3,P1161,2
D3,P1162,21
D3,P1163,72
D3,P1164,10
D3,P1165,1484
D3,P1166,58
D3,P1167,471
D3,P1168,5
D3,P1169,9
D3,P1170,9
D3,P1171,29
D3,P15,202489
D3,P1172,4
D3,P1173,772
D3,P1174,790
D3,P1175,1
D3,P1176,159
D3,P1177,12
D3,P1178,8
D3,P1179,299
D3,P1180,4
D3,P1181,2
D3,P26,1
D3,P1182,55
D3,P1183,15
D3,P1184,705
D3,P1185,2
D3,P1186,16257
D3,P1187,6596
D3,P1188,2
D3,P1189,36
D3,P1190,4
D3,P1191,1
D3,P1192,1
D3,P1193,3
D3,P1194,1
D3,P1195,1740
D3,P1196,1
D3,P1197,1
D3,P1198,3457
D3,P1199,3
D3,P1200,17
D3,P1201,209
D3,P1202,437
D3,P1203,46
D3,P1204,1935
D3,P1205,2096
D3,P1206,1
D3,P1207,3
D3,P1208,1
D3,P1209,11
D3,P1210,889
D3,P1211,8
D3,P1212,19
D3,P1213,27
D3,P1214,873
D3,P1215,9
D3,P1216,630
D3,P1217,29
D3,P1218,1
D3,P1219,10
D3,P1220,4
D3,P1221,262
D3,P1222,1
D3,P1223,790
D3,P1224,3
D3,P1225,640
D3,P1226,4
D3,P1227,2
D3,P1228,1122
D3,P1229,32
D3,P1230,1536
D3,P1231,11
D3,P1232,37
D3,P1233,1
D3,P1234,5
D3,P27,2974
D3,P1235,14
D3,P1236,1
D3,P1237,2
D3,P1238,1
D3,P1239,2
D3,P1240,129
D3,P1241,4
D3,P1242,1
D3,P1243,41
D3,P1244,1
D3,P1245,407
D3,P1246,3
D3,P1247,25
D3,P1248,13605
D3,P1249,6955
D3,P1250,2
D3,P1251,23
D3,P1252,32731
D3,P1253,1
D3,P1254,5
D3,P1255,16
D3,P1256,1077
D3,P1257,127
D3,P1258,1
D3,P1259,2
D3,P1260,399
D3,P1261,5
D3,P1262,1
D3,P1263,1
D3,P1264,230
D3,P1265,780
D3,P1266,74
D3,P1267,8
D3,P1268,34
D3,P24,91654
D3,P1269,7
D3,P1270,200
D3,P1271,156
D3,P1272,2
D3,P1273,3
D3,P1274,14
D3,P1275,1398
D3,P1276,43
D3,P1277,2525
D3,P1278,3674
D3,P1279,230
D3,P1280,94
D3,P1281,1565
D3,P1282,3
D3,P1283,4
D3,P1284,2
D3,P1285,384
D3,P1286,3
D3,P1287,21
D3,P1288,4201
D3,P1289,1
D3,P1290,12
D3,P1291,2
D3,P1292,2
D3,P18,34410
D3,P1293,115
D3,P1294,1
D3,P1295,9
D3,P1296,1
D3,P1297,1425
D3,P1298,1
D3,P1299,298
D3,P1300,100
D3,P1301,3
D3,P1302,1
D3,P1303,1
D3,P1304,1
D3,P1305,3572
D3,P1306,1
D3,P1307,2
D3,P1308,1
D3,P1309,1
D3,P1310,1
D3,P1311,6
D3,P1312,19
D3,P1313,1
D3,P1314,22
D3,P1315,9
D3,P1316,3
D3,P1317,17
D3,P1318,104
D3,P1319,32
D3,P1320,129
D3,P1321,23
D3,P1322,20
D3,P1323,1
D3,P1324,1
D3,P1325,59
D3,P1326,2
D3,P1327,13
D3,P1328,3
D3,P1329,3
D3,P1330,2
D3,P1331,205
D3,P1332,4
D3,P1333,46
D3,P1334,1
D3,P44,144445
D3,P1335,2
D3,P1336,37
D3,P1337,2
D3,P1338,6
D3,P1339,55
D3,P1340,5
D3,P1341,435
D3,P1342,7
D3,P1343,3
D3,P1344,1
D3,P1345,1
D3,P1346,2986
D3,P1347,382
D3,P1348,109
D3,P1349,55
D3,P1350,2
D3,P1351,2761
D3,P1352,46
D3,P1353,1
D3,P1354,13
D3,P1355,29
D3,P1356,72674
D3,P1357,1
D3,P1358,39
D3,P38,739
D3,P1359,52
D3,P1360,1
D3,P1361,12
D3,P1362,3
D3,P1363,1
D3,P1364,1
D3,P1365,8
D3,P1366,19
D3,P1367,3
D3,P1368,6
D3,P1369,12654
D3,P1370,5
D3,P1371,8
D3,P1372,1917
D3,P1373,4
D3,P1374,7
D3,P1375,7
D3,P1376,6
D3,P1377,9
D3,P1378,4
D3,P1379,42
D3,P1380,6
D3,P1381,92
D3,P1382,1
D3,P1383,1549
D3,P1384,2
D3,P1385,1
D3,P1386,2001
D3,P1387,162
D3,P1388,70
D3,P1389,229
D3,P1390,17
D3,P1391,2
D3,P1392,1451
D3,P1393,2
D3,P1394,15
D3,P1395,20
D3,P1396,4
D3,P1397,1908
D3,P1398,47
D3,P1399,15782
D3,P1400,8
D3,P1401,1
D3,P1402,2
D3,P1403,3
D3,P1404,1320
D3,P1405,1
D3,P1406,6
D3,P1407,1
D3,P1408,3
D3,P1409,241628
D3,P1410,2
D3,P20,751
D3,P1411,1
D3,P1412,2
D3,P1413,2
D3,P1414,214
D3,P1415,11
D3,P1416,100
D3,P1417,1
D3,P1418,51
D3,P1419,1
D3,P1420,3272
D3,P1421,1
D3,P1422,1
D3,P1423,599
D3,P1424,460
D3,P1425,3
D3,P1426,6
D3,P1427,4
D3,P1428,1
D3,P1429,377
D3,P1430,1
D3,P1431,42
D3,P1432,13941
D3,P1433,43
D3,P1434,20
D3,P1435,8
D3,P1436,1
D3,P1437,3
D3,P1438,2
D3,P1439,11
D3,P1440,1
D3,P1441,4
D3,P1442,570
D3,P1443,1
D3,P1444,1
D3,P1445,1
D3,P1446,1
D3,P1447,13
D3,P1448,899
D3,P1449,6
D3,P1450,1
D3,P1451,1
D3,P1452,1
D3,P1453,4
D3,P1454,7
D3,P1455,134
D3,P1456,258
D3,P1457,85
D3,P1458,1
D3,P1459,163
D3,P1460,4
D3,P1461,25
D3,P1462,5
D3,P1463,8188
D3,P1464,7
D3,P1465,77
D3,P1466,17
D3,P1467,30
D3,P1468,1
D3,P1469,1162
D3,P1470,1451
D3,P1471,11
D3,P1472,30
D3,P1473,2
D3,P1474,160
D3,P1475,79
D3,P1476,2
D3,P1477,1
D3,P1478,14
D3,P1479,259985
D3,P1480,16
D3,P1481,60
D3,P1482,40
D3,P1483,1
D3,P1484,27
D3,P1485,1
D3,P1486,13555
D3,P1487,10
D3,P1488,30
D3,P1489,2
D3,P1490,2
D3,P1491,1965
D3,P1492,2
D3,P1493,12
D3,P1494,17
D3,P1495,1
D3,P1496,105
D3,P1497,4
D3,P1498,1
D3,P1499,22
D3,P1500,2
D3,P1501,12
D3,P1502,1656
D3,P1503,2
D3,P1504,14
D3,P1505,1
D3,P1506,13
D3,P1507,11
D3,P1508,9
D3,P1509,106
D3,P1510,17
D3,P1511,999
D3,P1512,262
D3,P1513,1
D3,P1514,10
D3,P1515,6
D3,P1516,2
D3,P1517,26
D3,P1518,4
D3,P1519,8
D3,P1520,1
D3,P1521,5991
D3,P1522,144
D3,P1523,923
D3,P1524,150
D3,P1525,6
D3,P1526,92
D3,P1527,6
D3,P1528,1
D3,P1529,10908
D3,P1530,6
D3,P1531,76
D3,P1532,1
D3,P1533,3
D3,P1534,1
D3,P1535,6
D3,P1536,5
D3,P1537,65
D3,P1538,3
D3,P1539,87
D3,P1540,3
D3,P36,1
D3,P1541,2
D3,P1542,1
D3,P1543,2
D3,P1544,860
D3,P1545,8
D3,P1546,4
D3,P1547,845
D3,P1548,230
D3,P1549,22
D3,P1550,2
D3,P1551,39
D3,P1552,461
D3,P1553,1
D3,P1554,46
D3,P1555,528
D3,P1556,23
D3,P1557,2
D3,P1558,29
D3,P1559,4
D3,P1560,15
D3,P1561,21
D3,P1562,4
D3,P1563,5
D3,P1564,4
D3,P1565,119
D3,P1566,1
D3,P1567,7254
D3,P1568,3
D3,P1569,1965
D3,P1570,1
D3,P1571,894
D3,P1572,1
D3,P1573,11
D3,P1574,43
D3,P1575,5
D3,P1576,683
D3,P1577,68
D3,P1578,4501
D3,P1579,55
D3,P1580,1
D3,P1581,5
D3,P1582,162
D3,P1583,3
D3,P1584,1505
D3,P1585,1
D3,P1586,2
D3,P31,5071
D3,P1587,16
D3,P1588,97
D3,P1589,118
D3,P1590,1549
D3,P1591,222
D3,P1592,2
D3,P1593,12
D3,P1594,790
D3,P1595,472
D3,P1596,369
D3,P1597,163
D3,P1598,63
D3,P1599,122
D3,P1600,5
D3,P1601,1
D3,P1602,6
D3,P1603,17
D3,P1604,6
D3,P1605,5
D3,P1606,4
D3,P1607,17
D3,P1608,327
D3,P1609,2
D3,P1610,159
D3,P1611,6
D3,P1612,159
D3,P1613,2603
D3,P1614,1
D3,P1615,26
D3,P1616,7
D3,P1617,5
D3,P1618,5
D3,P1619,4
D3,P1620,1
D3,P1621,5
D3,P1622,6
D3,P1623,20
D3,P1624,351
D3,P1625,58
D3,P1626,29
D3,P1627,1
D3,P1628,2
D3,P1629,14
D3,P1630,32
D3,P1631,4
D3,P1632,84
D3,P1633,2
D3,P1634,1
D3,P1635,19
D3,P1636,13
D3,P1637,138
D3,P1638,543
D3,P34,13499
D3,P1639,12
D3,P1640,1
D3,P1641,3864
D3,P1642,103
D3,P1643,1
D3,P1644,5
D3,P1645,92
D3,P1646,7
D3,P1647,15
D3,P1648,7
D3,P1649,1
D3,P1650,1491
D3,P1651,78
D3,P1652,4
D3,P1653,3
D3,P1654,6
D3,P1655,1
D3,P1656,6
D3,P1657,139
D3,P1658,3
D3,P1659,4
D3,P1660,18
D3,P1661,21
D3,P1662,2
D3,P1663,12
D3,P1664,1
D3,P1665,400
D3,P1666,1
D3,P1667,1
D3,P1668,738
D3,P1669,1
D3,P1670,3
D3,P1671,297
D3,P1672,1
D3,P1673,2
D3,P1674,790
D3,P1675,319
D3,P1676,258
D3,P1677,17
D3,P1678,1
D3,P1679,5
D3,P1680,599
D3,P1681,5
D3,P1682,263
D3,P1683,193
D3,P1684,431
D3,P1685,468
D3,P1686,6
D3,P1687,11
D3,P1688,22
D3,P1689,6
D3,P1690,80
D3,P1691,52
D3,P1692,2
D3,P1693,17
D3,P1694,68
D3,P1695,8
D3,P1696,2
D3,P1697,1
D3,P1698,6
D3,P1699,17
D3,P1700,230
D3,P1701,426
D3,P1702,423
D3,P1703,164
D3,P1704,4
D3,P1705,240892
D3,P1706,17
D3,P1707,88
D3,P1708,113
D3,P1709,15
D3,P1710,529
D3,P1711,5
D3,P1712,1
D3,P1713,1
D3,P1714,3
D3,P1715,183
D3,P1716,22
D3,P1717,2
D3,P30,73329
D3,P1718,2223
D3,P1719,1
D3,P1720,11
D3,P1721,5
D3,P1722,8
D3,P1723,1
D3,P1724,4
D3,P1725,7
D3,P1726,1
D3,P1727,1570
D3,P1728,67
D3,P1729,11098
D3,P1730,249
D3,P1731,134
D3,P1732,14
D3,P1733,1
D3,P1734,1
D3,P1735,1
D3,P1736,6
D3,P1737,92
D3,P1738,45151
D3,P1739,4292
D3,P1740,101
D3,P1741,622
D3,P1742,31629
D3,P1743,1
D3,P1744,165
D3,P1745,1555
D3,P1746,1
D3,P1747,79
D3,P1748,4822
D3,P1749,129
D3,P1750,2
D3,P1751,4
D3,P1752,151
D3,P1753,1859
D3,P1754,58
D3,P1755,4
D3,P1756,207
D3,P1757,75
D3,P1758,1159
D3,P1759,6
D3,P1760,1
D3,P1761,3
D3,P1762,36
D3,P1763,242
D3,P1764,11
D3,P1765,4
D3,P1766,70
D3,P1767,1
D3,P1768,29
D3,P1769,139
D3,P1770,66
D3,P1771,10
D3,P1772,30
D3,P1773,115
D3,P1774,91
D3,P1775,589
D3,P1776,53
D3,P1777,17
D3,P1778,19
D3,P1779,1656
D3,P1780,19
D3,P1781,8
D3,P1782,110
D3,P1783,8
D3,P1784,790
D3,P1785,3
D3,P1786,1
D3,P1787,151
D3,P1788,4
D3,P1789,101
D3,P1790,93
D3,P1791,1
D3,P1792,816
D3,P1793,11
D3,P1794,69
D3,P9,203860
D3,P1795,26
D3,P1796,74
D3,P1797,2
D3,P1798,3081
D3,P1799,1
D3,P1800,1
D3,P1801,8105
D3,P1802,14
D3,P1803,124
D3,P1804,20
D3,P1805,73
D3,P1806,1042
D3,P1807,2
D3,P1808,1
D3,P1809,7
D3,P1810,1
D3,P1811,717
D3,P1812,6
D3,P1813,790
D3,P1814,8
D3,P1815,8
D3,P1816,91
D3,P1817,27
D3,P1818,112
D3,P1819,29290
D3,P1820,2
D3,P1821,230
D3,P1822,2
D3,P1823,69
D3,P1824,46681
D3,P1825,23
D3,P1826,4
D3,P1827,1
D3,P1828,9
D3,P1829,3
D3,P1830,82
D3,P1831,39
D3,P1832,19
D3,P1833,104
D3,P1834,46
D3,P1835,2
D3,P1836,58
D3,P1837,132
D3,P1838,33
D3,P1839,1
D3,P1840,1
D3,P1841,16
D3,P1842,7
D3,P1843,22
D3,P1844,12
D3,P1845,12
D3,P1846,733
D3,P1847,2
D3,P1848,1573
D3,P1849,847
D3,P1850,1
D3,P1851,23
D3,P1852,5
D3,P1853,3
D3,P1854,23
D3,P1855,18
D3,P1856,444
D3,P1857,4
D3,P1858,6
D3,P1859,6
D3,P1860,1
D3,P1861,1
D3,P1862,4
D3,P1863,186
D3,P1864,75
D3,P1865,3
D3,P1866,4
D3,P1867,599
D3,P1868,47773
D3,P1869,2
D3,P1870,1
D3,P1871,100
D3,P1872,1
D3,P1873,10
D3,P1874,18720
D3,P1875,14
D3,P1876,2
D3,P1877,9
D3,P1878,4
D3,P1879,2
D3,P1880,12
D3,P1881,1
D3,P1882,1
D3,P1883,85
D3,P1884,4
D3,P1885,66
D3,P1886,2
D3,P1887,2
D3,P1888,3149
D3,P1889,2
D3,P1890,159
D3,P1891,2421
D3,P1892,1
D3,P1893,5
D3,P1894,3
D3,P1895,1
D3,P1896,248
D3,P1897,2
D3,P1898,5
D3,P1899,1
D3,P1900,3
D3,P1901,13
D3,P1902,6
D3,P1903,4869
D3,P1904,1045
D3,P1905,101
D3,P1906,664
D3,P1907,77198
D3,P1908,356
D3,P1909,116
D3,P1910,1
D3,P1911,13247
D3,P1912,2
D3,P1913,790
D3,P1914,110
D3,P1915,721
D3,P1916,5
D3,P1917,1
D3,P1918,1
D3,P1919,1
D3,P1920,1
D3,P1921,4
D3,P1922,43
D3,P1923,1963
D3,P1924,1
D3,P1925,3
D3,P1926,2
D3,P1927,12
D3,P1928,1
D3,P1929,93
D3,P1930,48
D3,P1931,76
D3,P1932,207
D3,P1933,889
D3,P1934,1
D3,P1935,33
D3,P1936,11
D3,P1937,736
D3,P1938,1
D3,P1939,2
D3,P1940,1
D3,P1941,57
D3,P1942,5
D3,P1943,2
D3,P1944,1
D3,P1945,5
D3,P1946,3
D3,P1947,873
D3,P1948,1
D3,P1949,8
D3,P1950,3
D3,P1951,3
D3,P1952,4
D3,P1953,102
D3,P1954,117
D3,P1955,426
D3,P1956,27
D3,P1957,1
D3,P1958,38
D3,P1959,315
D3,P1960,452
D3,P1961,847
D3,P1962,2014
D3,P6,191410
D3,P1963,477
D3,P1964,16
D3,P1965,11
D3,P1966,2
D3,P1967,1
D3,P1968,6
D3,P1969,288
D3,P1970,4
D3,P29,1
D3,P1971,6
D3,P1972,1
D3,P1973,40
D3,P1974,207
D3,P1975,4
D3,P1976,513
D3,P1977,2
D3,P1978,9
D3,P1979,11
D3,P1980,57
D3,P1981,4924
D3,P1982,10
D3,P1983,5
D3,P1984,1
D3,P1985,3
D3,P1986,9
D3,P1987,94
D3,P1988,3166
D3,P1989,1673
D3,P1990,1
D3,P1991,4
D3,P1992,1
D3,P1993,207
D3,P1994,1
D3,P1995,22
D3,P1996,138
D3,P1997,1397
D3,P1998,5
D3,P1999,15
D3,P2000,1
D3,P2001,3
D3,P2002,2
D3,P2003,121
D3,P2004,1
D3,P2005,2
D3,P2006,113
D3,P2007,1
D3,P2008,405
D3,P2009,1
D3,P2010,67
D3,P2011,2
D3,P2012,1
D3,P2013,13245
D3,P2014,112
D3,P2015,2
D3,P2016,31
D3,P2017,39
D3,P2018,39
D3,P2019,1
D3,P2020,4
D3,P2021,1
D3,P2022,1
D3,P2023,50
D3,P2024,30
D3,P2025,1
D3,P2026,1
D3,P2027,4
D3,P2028,1
D3,P2029,8
D3,P2030,1
D3,P2031,3
D3,P2032,13
D3,P2033,331
D3,P2034,12
D3,P2035,17
D3,P2036,6
D3,P2037,16
D3,P2038,1
D3,P2039,4
D3,P2040,1
D3,P2041,4
D3,P2042,380
D3,P2043,267
D3,P2044,2
D3,P2045,1
D3,P2046,1
D3,P2047,15
D3,P2048,47
D3,P2049,10
D3,P2050,5
D3,P2051,5
D3,P2052,28
D3,P2053,32
D3,P2054,1
D3,P2055,43
D3,P2056,526
D3,P2057,3
D3,P2058,9
D3,P2059,23
D3,P2060,1
D3,P2061,1
D3,P2062,504
D3,P2063,244
D3,P2064,1
D3,P2065,2
D3,P2066,10
D3,P2067,12
D3,P2068,1
D3,P2069,2
D3,P2070,1
D3,P2071,32
D3,P2072,3
D3,P2073,14
D3,P2074,3
D3,P2075,786
D3,P2076,488
D3,P2077,1111
D3,P2078,1
D3,P2079,5
D3,P2080,238
D3,P2081,1
D3,P2082,2
D3,P2083,1
D3,P2084,13
D3,P2085,1
D3,P2086,65
D3,P2087,68
D3,P2088,1
D3,P2089,4
D3,P2090,2
D3,P2091,1496
D3,P2092,50
D3,P2093,418
D3,P2094,2
D3,P2095,4
D3,P2096,4
D3,P2097,5
D3,P2098,14
D3,P2099,42
D3,P2100,7
D3,P2101,267
D3,P2102,1
D3,P2103,1
D3,P2104,96
D3,P2105,2
D3,P2106,25
D3,P2107,5
D3,P2108,58
D3,P2109,6821
D3,P2110,94
D3,P2111,1
D3,P2112,65
D3,P2113,1
D3,P2114,6
D3,P2115,3
D3,P2116,2076
D3,P2117,12
D3,P2118,21
D3,P7,16
D3,P2119,12
D3,P2120,11
D3,P2121,3
D3,P2122,2
D3,P2123,4
D3,P2124,790
D3,P2125,2
D3,P2126,50
D3,P2127,599
D3,P2128,140
D3,P2129,78
D3,P2130,30
D3,P2131,3
D3,P2132,13
D3,P2133,3
D3,P2134,230
D3,P2135,50
D3,P2136,582
D3,P2137,3176
D3,P2138,1
D3,P2139,9
D3,P35,3386
D3,P2140,2
D3,P2141,1
D3,P2142,5
D3,P2143,5
D3,P2144,27
D3,P2145,19
D3,P2146,6
D3,P2147,61
D3,P2148,20
D3,P2149,2
D3,P2150,1
D3,P2151,2
D3,P2152,38
D3,P2153,25
D3,P2154,176
D3,P2155,26
D3,P2156,740
D3,P2157,20
D3,P2158,3
D3,P2159,129
D3,P2160,1
D3,P2161,2
D3,P1,131561
D3,P2162,4
D3,P2163,10
D3,P2164,30
D3,P2165,77
D3,P2166,2
D3,P2167,20
D3,P2168,935
D3,P2169,3
D3,P2170,12
D3,P2171,11
D3,P2172,239
D3,P2173,3322
D3,P2174,2
D3,P2175,10
D3,P2176,1
D3,P2177,2
D3,P2178,1
D3,P2179,1
D3,P2180,1
D3,P2181,133
D3,P2182,4
D3,P2183,1
D3,P2184,1
D3,P2185,32
D3,P2186,1
D3,P2187,8
D3,P2188,17
D3,P2189,112
D3,P2190,3
D3,P2191,21
D3,P2192,3891
D3,P2193,1
D3,P2194,3
D3,P2195,22
D3,P2196,12
D3,P2197,52
D3,P2198,50
D3,P2199,17
D3,P2200,149
D3,P2201,43
D3,P2202,994
D3,P2203,3135
D3,P2204,5
D3,P2205,605
D3,P2206,2
D3,P2207,10
D3,P2208,14
D3,P2209,1
D3,P2210,5
D3,P2211,24
D3,P2212,258
D3,P2213,37
D3,P2214,187
D3,P2215,238
D3,P2216,128
D3,P2217,18
D3,P2218,3
D3,P2219,10
D3,P2220,44
D3,P2221,165
D3,P2222,1
D3,P2223,1
D3,P2224,1850
D3,P2225,42
D3,P2226,19
D3,P2227,2
D3,P2228,209
D3,P2229,481
D3,P2230,4
D3,P2231,4
D3,P2232,3081
D3,P2233,5
D3,P2234,3
D3,P2235,2
D3,P2236,57
D3,P2237,62875
D3,P2238,1
D3,P2239,3
D3,P2240,3
D3,P2241,30169
D3,P2242,10
D3,P2243,1
D3,P2244,158
D3,P2245,103
D3,P2246,2
D3,P2247,6
D3,P2248,36
D3,P2249,9
D3,P2250,22216
D3,P2251,431
D3,P2252,604
D3,P2253,358
D3,P2254,20
D3,P2255,21
D3,P2256,485
D3,P2257,1496
D3,P2258,5
D3,P2259,17
D3,P2260,3
D3,P2261,68
D3,P2262,290
D3,P2263,118
D3,P2264,2
D3,P2265,2
D3,P2266,919
D3,P2267,175
D3,P2268,27
D3,P2269,55
D3,P2270,790
D3,P2271,9002
D3,P2272,1
D3,P2273,1
D3,P2274,1727
D3,P2275,3
D3,P2276,1866
D3,P2277,163
D3,P2278,524
D3,P2279,1
D3,P2280,176
D3,P2281,15
D3,P2282,4
D3,P2283,1
D3,P2284,4
D3,P2285,12
D3,P2286,6
D3,P2287,230
D3,P2288,3
D3,P2289,8
D3,P2290,3
D3,P2291,3
D3,P4,194243
D3,P2292,1
D3,P2293,3
D3,P2294,10
D3,P2295,16
D3,P2296,1
D3,P28,2
D3,P2297,4
D3,P2298,19
D3,P2299,1
D3,P2300,1
D3,P2301,97
D3,P2302,151
D3,P2303,1362
D3,P2304,845
D3,P2305,5
D3,P2306,154
D3,P2307,17
D3,P2308,2
D3,P2309,56
D3,P2310,61
D3,P2311,860
D3,P2312,47
D3,P2313,9
D3,P2314,1
D3,P2315,1
D3,P11,432080
D3,P2316,791
D3,P2317,46
D3,P2318,1562
D3,P2319,51532
D3,P2320,1
D3,P2321,1
D3,P2322,36
D3,P2323,2
D3,P2324,5
D3,P2325,11
D3,P2326,9
D3,P2327,3
D3,P2328,138
D3,P2329,1
D3,P2330,1
D3,P2331,37
D3,P2332,3
D3,P2333,3
D3,P2334,12
D3,P2335,6
D3,P2336,58
D3,P2337,2
D3,P2338,14
D3,P2339,14
D3,P2340,23
D3,P2341,4
D3,P2342,4
D3,P2343,75
D3,P2344,25
D3,P2345,12
D3,P2346,50
D3,P2347,921
D3,P2348,2
D3,P2349,1
D3,P2350,1
D3,P2351,10
D3,P2352,58
D3,P2353,63
D3,P2354,7485
D3,P2355,26
D3,P2356,2
D3,P2357,6
D3,P2358,1
D3,P2359,58
D3,P2360,4
D3,P2361,628
D3,P2362,7314
D3,P2363,834
D3,P2364,11
D3,P2365,4
D3,P2366,630
D3,P2367,58
D3,P2368,3
D3,P2369,11
D3,P2370,1
D3,P2371,13
D3,P2372,4
D3,P2373,2
D3,P19,1219483
D3,P2374,1
D3,P2375,24
D3,P2376,3
D3,P2377,1897
D3,P2378,207
D3,P2379,9
D3,P2380,1335
D3,P5,498397
D3,P2381,4
D3,P2382,113
D3,P2383,4
D3,P2384,1349
D3,P2385,4
D3,P2386,86
D3,P2387,1
D3,P2388,24
D3,P2389,6
D3,P2390,21
D3,P2391,45022
D3,P2392,2
D3,P2393,2
D3,P2394,2
D3,P2395,4
D3,P2396,85
D3,P2397,17
D3,P2398,3
D3,P2399,5
D3,P2400,3958
D3,P2401,7
D3,P2402,2
D3,P2403,6432
D3,P2404,10
D3,P2405,6
D3,P2406,60
D3,P2407,154
D3,P2408,1
D3,P2409,42
D3,P2410,1
D3,P2411,3
D3,P2412,790
D3,P2413,1
D3,P2414,3
D3,P2415,53
D3,P2416,1
D3,P2417,157
D3,P2418,1
D3,P41,3092
D3,P2419,12
D3,P2420,138
D3,P2421,514
D3,P2422,12
D3,P2423,42
D3,P2424,6
D3,P2425,4
D3,P2426,102
D3,P2427,1
D3,P2428,1434
D3,P2429,3
D3,P2430,2
D3,P2431,6
D3,P2432,113
D3,P2433,30
D3,P2434,6
D3,P2435,1
D3,P2436,46
D3,P2437,790
D3,P2438,14
D3,P2439,1
D3,P2440,2
D3,P2441,2
D3,P2442,2
D3,P2443,692
D3,P2444,8630
D3,P2445,124
D3,P2446,37
D3,P2447,1
D3,P2448,4
D3,P2449,45281
D3,P12,624557
D3,P2450,3
D3,P2451,120
D3,P40,6
D3,P2452,145
D3,P2453,2
D3,P2454,1
D3,P2455,59
D3,P2456,2837
D3,P2457,29
D3,P2458,12
D3,P2459,76
D3,P2460,26
D3,P2461,45
D3,P2462,1
D3,P2463,2
D3,P2464,72
D3,P2465,2
D3,P2466,1
D3,P2467,579
D3,P2468,5
D3,P2469,3
D3,P2470,6
D3,P2471,12
D3,P2472,22
D3,P2473,12
D3,P2474,23
D3,P2475,5
D3,P2476,18
D3,P2477,226
D3,P2478,2
D3,P2479,1
D3,P2480,27
D3,P2481,13
D3,P2482,2
D3,P2483,1137
D3,P2484,1
D3,P2485,63318
D3,P2486,1
D3,P2487,9
D3,P2488,5
D3,P2489,230
D3,P2490,4
D3,P2491,127
D3,P2492,165
D3,P2493,5113
D3,P2494,2
D3,P2495,186
D3,P2496,25
D3,P2497,1
D3,P2498,6
D3,P16,157839
D3,P17,17
D3,P2499,1
D3,P2500,2
D3,P2501,176
D3,P2502,4
D3,P2503,4
D3,P2504,167
D3,P2505,57
D3,P2506,1
D3,P2507,2
D3,P2508,34
D3,P2509,2
D3,P2510,3
D3,P2511,1
D3,P2512,261
D3,P2513,52
D3,P2514,18
D3,P2515,2
D3,P2516,63
D3,P2517,290
D3,P2518,28
D3,P2519,51
D3,P2520,119
D3,P2521,77
D3,P2522,7
D3,P2523,2
D3,P2524,6
D3,P2525,1020
D3,P2526,12
D3,P2527,477
D3,P2528,1
D3,P2529,1
D3,P2530,1228
D3,P2531,1
D3,P2532,270
D3,P2533,5
D3,P2534,3
D3,P2535,8
D3,P2536,20
D3,P2537,1
D3,P2538,4
D3,P2539,1
D3,P2540,209
D3,P2541,15
D3,P2542,5
D3,P2543,2148
D3,P2544,36
D3,P2545,26690
D3,P2546,2
D3,P2547,2
D3,P2548,42
D3,P2549,2
D3,P2550,2
D3,P2551,2
D3,P2552,13
D3,P2553,139
D3,P2554,29
D3,P2555,1
D3,P2556,26
D3,P2557,3
D3,P2558,1
D3,P2559,13
D3,P2560,9
D3,P2561,3
D3,P2562,1
D3,P2563,46
D3,P2564,481
D3,P2565,1
D3,P2566,86
D3,P2567,790
D3,P2568,1
D3,P2569,2
D3,P2570,1
D3,P2571,319
D3,P2572,3
D3,P2573,28
D3,P2574,39
D3,P2575,261
D3,P2576,1
D3,P2577,4656
D3,P2578,353
D3,P2579,136
D3,P2580,4
D3,P2581,12
D3,P2582,19
D3,P2583,6
D3,P2584,25
D3,P2585,83
D3,P2586,10763
D3,P2587,7
D3,P2588,28
D3,P2589,1746
D3,P2590,66
D3,P2591,790
D3,P2592,6
D3,P2593,119
D3,P2594,333
D3,P2595,2
D3,P2596,9
D3,P2597,6
D3,P2598,13
D3,P2599,7
D3,P2600,3
D3,P2601,37
D3,P2602,409
D3,P2603,23
D3,P2604,14
D3,P2605,3
D3,P2606,6
D3,P2607,179
D3,P2608,37373
D3,P2609,264
D3,P2610,3
D3,P2611,3
D3,P2612,1
D3,P2613,1510
D3,P2614,17
D3,P2615,790
D3,P2616,227
D3,P2617,5
D3,P2618,38
D3,P2619,37
D3,P2620,58
D3,P2621,2
D3,P2622,65
D3,P2623,412
D3,P2624,418
D3,P2625,6
D3,P2626,2
D3,P2627,1
D3,P2628,10
D3,P2629,37
D3,P2630,21
D3,P2631,1
D3,P2632,3
D3,P2633,6
D3,P2634,231
D3,P2635,4
D3,P2636,1111
D3,P2637,44
D3,P2638,500
D3,P2639,6
D3,P2640,1
D3,P2641,98
D3,P2642,96
D3,P2643,1
D3,P2644,8394
D3,P2645,22
D3,P2646,4
D3,P2647,1
D3,P2648,246
D3,P2649,1
D3,P2650,1
D3,P2651,5
D3,P2652,14
D3,P2653,19289
D3,P2654,425
D3,P2655,10
D3,P2656,3
D3,P2657,4
D3,P2658,1
D3,P2659,5110
D3,P2660,6
D3,P2661,7
D3,P2662,356
D3,P2663,192
D3,P2664,68
D3,P2665,209
D3,P2666,15
D3,P2667,2
D3,P2668,193
D3,P2669,7888
D3,P2670,7
D3,P2671,3
D3,P2672,5
D3,P2673,3
D3,P2674,1
D3,P2675,305
D3,P2676,1
D3,P2677,14
D3,P2678,257
D3,P2679,17
D3,P2680,12
D3,P2681,159
D3,P2682,1
D3,P2683,30
D3,P2684,3
D3,P2685,5
D3,P2686,420
D3,P2687,1
D3,P2688,1
D3,P2689,4
D3,P2690,19
D3,P2691,178
D3,P2692,1
D3,P2693,910
D3,P2694,540
D3,P2695,4374
D3,P2696,200
D3,P2697,19
D3,P2698,1
D3,P2699,8
D3,P2700,4
D3,P2701,1
D3,P2702,1
D3,P2703,51
D3,P2704,318
D3,P2705,86
D3,P2706,14
D3,P2707,3
D3,P2708,303
D3,P2709,1
D3,P2710,17
D3,P2711,2
D3,P2712,1
D3,P2713,8
D3,P2714,9
D3,P2715,7
D3,P2716,57
D3,P2717,790
D3,P2718,5
D3,P2719,1
D3,P2720,1
D3,P2721,1
D3,P2722,1
D3,P2723,132
D3,P2724,71
D3,P14,756
D3,P2725,1629
D3,P2726,2
D3,P2727,1
D3,P2728,20
D3,P2729,3
D3,P2730,129
